{"receiver-stats":{"flowinstant":{"flow_id":1099270232,"dead":0,"stats":{"quality":100,"received":138,"dropped_late":0,"dropped_full":0,"missing":0,"recovered_total":0,"reordered":0,"retries":0,"recovered_one_nack":0,"recovered_two_nacks":0,"recovered_three_nacks":0,"recovered_four_nacks":0,"recovered_more_nacks":0,"lost":0,"avg_buffer_time":0,"duplicates":139,"missing_queue":0,"missing_queue_max":3571,"min_inter_packet_spacing":10,"cur_inter_packet_spacing":2114,"max_inter_packet_spacing":96138,"bitrate":0},"peers":[{"id":205,"dead":0,"stats":{"received_data":138,"received_rtcp":6,"sent_rtcp":6,"rtt":0.667431903434881,"avg_rtt":9.7664445966639555,"bitrate":1515877,"avg_bitrate":2487}},{"id":206,"dead":0,"stats":{"received_data":139,"received_rtcp":6,"sent_rtcp":6,"rtt":6.2922304176027426,"avg_rtt":11.849425356469562,"bitrate":1511457,"avg_bitrate":2397}}]}}}